{"cameraMode":{"drawMode":0,"name":"Shaded","section":"Shading Mode"},"sceneLighting":true,"audioPlay":false,"sceneViewState":{"showFog":true,"showMaterialUpdate":true,"showSkybox":true,"showFlares":true,"showImageEffects":true,"showParticleSystems":true},"in2DMode":false,"pivot":{"x":8.066753387451172,"y":-10.342931747436524,"z":7.455322265625},"rotation":{"x":-0.06271019577980042,"y":0.9335414171218872,"z":-0.20071099698543549,"w":-0.29117605090141299},"size":18.171310424804689,"orthographic":false}